"Jane Citizen",wmb74641@zslsz.com,2023-10-10T04:39:23,2023-10-09T13:41:13,wmb74641@zslsz.com,8,335264.09,41908.01,AU,Melbourne,VIC,3000
"citizen jane",slutbag69@test.com,2023-10-09T00:15:08,2023-10-04T14:14:52,slutbag69@test.com,1,6834.99,6834.99,AU,"North Sydney",NSW,2060
"citizen jane",cj@test.com.au,2023-11-07T01:23:21,2023-10-11T10:39:32,cj@test.com.au,42,4928.89,117.35,AU,"Darling Point",NSW,2027
"citizen jane",cj1@test.com.au,2023-11-17T05:26:42,2023-11-10T11:08:24,cj1@test.com.au,24,2155.77,89.82,AU,Redfern,NSW,2016
"jane citizen",sgy26358@nezid.com,2023-11-13T04:39:02,2023-11-13T15:05:41,sgy26358@nezid.com,2,1101.16,550.58,AU,Sydney,NSW,2000
"Jane Citizen",abl56380@nezid.com,2023-11-21T04:16:28,2023-11-13T14:43:19,abl56380@nezid.com,2,998.18,499.09,AU,Southbank,VIC,3006
"Jane Citizen",wwu50938@omeie.com,2023-10-09T04:47:00,2023-10-09T14:21:26,wwu50938@omeie.com,21,928.99,44.24,AU,Sydney,NSW,2000
"Jane Citizen",lri71643@omeie.com,2023-11-03T01:13:34,2023-11-03T11:49:34,lri71643@omeie.com,2,925.02,462.51,AU,Docklands,VIC,3008
"Jane Citizen",njf88786@zbock.com,2023-11-20T02:38:03,2023-11-10T12:14:06,njf88786@zbock.com,3,901.19,300.40,AU,Melbourne,VIC,3000
"Jane Citizen",kix21650@zslsz.com,2023-11-02T04:14:24,2023-11-02T14:05:18,kix21650@zslsz.com,2,901.00,450.50,AU,Sydney,NSW,2000
"Jane Citizen",uxb86491@zslsz.com,2023-10-31T03:01:16,2023-10-11T15:22:02,uxb86491@zslsz.com,11,794.98,72.27,AU,Sydney,NSW,2000
"Jane Citizen",kvg26663@zbock.com,2023-11-20T01:18:16,2023-11-09T15:19:51,kvg26663@zbock.com,3,579.95,193.32,AU,Mariginiup,WA,6078
"Jane Citizen",eci61509@nezid.com,2023-11-09T03:18:25,2023-11-09T13:38:12,eci61509@nezid.com,1,475.45,475.45,AU,Helensvale,QLD,4212
"Jane Citizen",bcg17302@zslsz.com,2023-11-09T04:13:05,2023-11-09T14:24:25,bcg17302@zslsz.com,1,418.99,418.99,AU,Brunswick,VIC,3056
"Jane Citizen",wwf53932@omeie.com,2023-10-10T05:41:14,2023-10-10T15:48:02,wwf53932@omeie.com,9,415.90,46.21,AU,Sydney,NSW,2000
"Jane Citizen",eas47353@zslsz.com,2023-11-13T03:31:00,2023-11-13T14:20:49,eas47353@zslsz.com,1,381.98,381.98,AU,Sydney,NSW,2000
"Jane Citizen",qnp41050@omeie.com,2023-11-10T03:44:52,2023-11-10T11:36:55,qnp41050@omeie.com,1,377.98,377.98,AU,"St Leonards",NSW,2065
"Aaron Dev",superadmin,2023-11-21T03:05:54,2022-09-29T16:12:26,admin@harvest.au,22,375.96,17.09,AU,Sydney,NSW,2000
"Jane Citizen",ymy23013@nezid.com,2023-10-10T04:01:26,2023-10-09T15:01:26,ymy23013@nezid.com,8,323.99,40.50,AU,Melbourne,VIC,3000
"Jane Citizen",jacitiz@jaciti.com,2023-10-10T06:04:36,2023-10-10T16:37:46,jacitiz@jaciti.com,1,162.09,162.09,AU,Sydney,NSW,2000
"Jane Citizen",pni94513@zbock.com,2023-10-11T03:59:48,2023-10-11T14:31:43,pni94513@zbock.com,3,151.96,50.65,AU,Sydney,NSW,2000
"Jane Citizen",rdx06862@omeie.com,2023-11-06T04:54:23,2023-11-06T15:37:37,rdx06862@omeie.com,1,135.99,135.99,AU,Melbourne,VIC,3000
"Jane Citizen",kqh19733@nezid.com,2023-11-06T04:25:21,2023-11-06T14:59:59,kqh19733@nezid.com,1,131.94,131.94,AU,Sydney,NSW,2000
"Jane Citizen",qrb01255@nezid.com,2023-11-10T03:53:00,2023-11-10T12:04:06,qrb01255@nezid.com,1,55.97,55.97,AU,"Saint Albans",VIC,3021
"Jane Citizen",jane@cit.com,2023-09-27T00:00:00,2023-09-27T21:14:15,jane@cit.com,0,0.00,0.00,,,,
"Jane Citizen",janes@janes.com,2023-09-22T00:00:00,2023-09-22T22:40:22,janes@janes.com,0,0.00,0.00,,,,
"Aaron Campbell",harvest_test2342342342342@harvest.au,,2023-10-06T20:56:36,harvest_test2342342342342@harvest.au,0,0.00,0.00,,,,
"Jane Citizen",srm20619@omeie.com,2023-09-29T00:00:00,2023-09-29T16:13:05,srm20619@omeie.com,0,0.00,0.00,,,,
"Aaron Campbell",a.campbell@ymail.com,,2023-06-12T14:18:51,a.campbell@ymail.com,0,0.00,0.00,,,,
"test test",dafh@ggg.net,2023-05-30T00:00:00,2023-05-30T16:53:12,dafh@ggg.net,0,0.00,0.00,,,,
"Aaron Campbell",fgh@vv.bb,2023-07-04T00:00:00,2023-07-05T03:50:35,fgh@vv.bb,0,0.00,0.00,,,,
"jojo ypmail",jojo@yopmail.com,2023-06-27T00:00:00,2023-06-27T17:23:32,jojo@yopmail.com,0,0.00,0.00,,,,
"Aaron campbell",harvest_test33344@harvest.au,2023-07-25T00:00:00,2023-07-25T21:46:29,harvest_test33344@harvest.au,0,0.00,0.00,,,,
"James Aaaaas",aaaaaaaaa.huhu@hmatil.com,,2023-07-20T13:49:06,aaaaaaaaa.huhu@hmatil.com,0,0.00,0.00,,,,
"Jane Citizen",ntsakisisimucary@gmail.com,2023-09-22T00:00:00,2023-09-22T17:16:51,ntsakisisimucary@gmail.com,0,0.00,0.00,,,,
"Jane Citizen",rntsakisi@gmail.com,2023-09-22T00:00:00,2023-09-20T16:53:47,rntsakisi@gmail.com,0,0.00,0.00,,,,
"Jane Citizen",ims72522@omeie.com,2023-09-28T00:00:00,2023-09-28T16:09:43,ims72522@omeie.com,0,0.00,0.00,,,,
"Aaron Campbell",harvest_test94903@harvest.au,2023-10-05T00:00:00,2023-10-05T23:00:39,harvest_test94903@harvest.au,0,0.00,0.00,,,,
"citizen jane",jane@citizen69.com,2023-09-28T00:00:00,2023-09-29T09:06:25,jane@citizen69.com,0,0.00,0.00,,,,
"Daniel Cherbanich",dan4@cherb.co.uk,2023-06-26T00:00:00,2023-06-27T09:55:10,dan4@cherb.co.uk,0,0.00,0.00,,,,
"Aaron Campbell",harvest_test125@harvest.au,2023-06-08T11:24:35,2023-06-08T21:21:26,harvest_test125@harvest.au,0,0.00,0.00,,,,
"test test",harvest_test23@harvest.au,2023-05-26T00:00:00,2023-05-27T00:56:45,harvest_test23@harvest.au,0,0.00,0.00,,,,
"Aaron Campbell",harvesttest123@harvest.au,2023-07-04T00:00:00,2023-07-05T02:04:58,harvesttest123@harvest.au,0,0.00,0.00,,,,
"Daniel Cherbanich",dan7@cherb.co.uk,2023-06-27T00:00:00,2023-06-27T10:50:15,dan7@cherb.co.uk,0,0.00,0.00,,,,
"Citizen Jane",fff@cvcvx.co,2023-07-21T00:00:00,2023-07-21T14:48:33,fff@cvcvx.co,0,0.00,0.00,,,,
"Aaron Test",test@cin.co,2023-07-17T00:00:00,2023-07-17T16:04:33,test@cin.co,0,0.00,0.00,,,,
"Jane Citizen",maryjanewatson@outlook.com.au,2023-09-22T00:00:00,2023-09-22T16:03:17,maryjanewatson@outlook.com.au,0,0.00,0.00,,,,
"Jane Citizen",janecitize@jct.com,2023-09-20T00:00:00,2023-09-20T16:03:35,janecitize@jct.com,0,0.00,0.00,,,,
"Jane Citizen",ytarbagdi@cazlp.com,2023-09-28T00:00:00,2023-09-28T15:07:24,ytarbagdi@cazlp.com,0,0.00,0.00,,,,
"Jane Citizens",rtsakisi@gmail.com,2023-09-27T00:00:00,2023-09-27T18:50:05,rtsakisi@gmail.com,0,0.00,0.00,,,,
"citizen jane",janeccc@test.com,2023-09-27T00:00:00,2023-09-28T09:09:51,janeccc@test.com,0,0.00,0.00,,,,
"aaron campbell",harvetstjd444js@ggg.nek,2023-07-25T00:00:00,2023-07-25T21:48:10,harvetstjd444js@ggg.nek,0,0.00,0.00,,,,
"Citizen Jane",test@testtest.com,2023-06-28T00:00:00,2023-06-28T11:52:08,test@testtest.com,0,0.00,0.00,,,,
"Jane Citizen",vbxkavoewrkehfgnrv@cwmxc.com,2023-09-27T00:00:00,2023-09-27T15:14:18,vbxkavoewrkehfgnrv@cwmxc.com,0,0.00,0.00,,,,
"Citizen Jane",fff@gkl.com,2023-07-20T00:00:00,2023-07-20T13:51:20,fff@gkl.com,0,0.00,0.00,,,,
"test test",harvest_test123321@harvest.au,,2023-06-13T16:48:31,harvest_test123321@harvest.au,0,0.00,0.00,,,,
"Jane Citizen",rntsakiisi@gmail.com,2023-09-21T00:00:00,2023-09-22T03:51:48,rntsakiisi@gmail.com,0,0.00,0.00,,,,
"test test",harvest_test26@harvest.au,2023-06-02T00:00:00,2023-06-02T15:24:48,harvest_test26@harvest.au,0,0.00,0.00,,,,
"Aaron Test",agggh@test.com,2023-09-06T00:00:00,2023-09-06T13:13:13,agggh@test.com,0,0.00,0.00,,,,
"Jane Citizen",jaci@jaciti.com,2023-10-06T00:00:00,2023-10-06T16:25:40,jaci@jaciti.com,0,0.00,0.00,,,,
"Jane Citizen",ryz79606@omeie.com,2023-09-29T00:00:00,2023-09-29T14:20:18,ryz79606@omeie.com,0,0.00,0.00,,,,
"Aaron Campbell",fgh@vv.bb,2023-07-04T00:00:00,2023-07-05T03:50:35,fgh@vv.bb,0,0.00,0.00,,,,
"Jane Jane",jane.thejane@gnail.com,2023-09-27T00:00:00,2023-09-28T00:16:03,jane.thejane@gnail.com,0,0.00,0.00,,,,
"Citizen Jane",fhfh.bb@t.co,2023-07-21T00:00:00,2023-07-21T14:51:24,fhfh.bb@t.co,0,0.00,0.00,,,,
"jojo ypmail",jojo@yopmail.com,2023-06-27T00:00:00,2023-06-27T17:23:32,jojo@yopmail.com,0,0.00,0.00,,,,
"Jane Citizen",jane121@jaceciti.com,2023-09-22T00:00:00,2023-09-22T22:15:51,jane121@jaceciti.com,0,0.00,0.00,,,,
"Jane Citizen",cgyszsdjkogchksqvk@ckptr.com,2023-09-25T00:00:00,2023-09-25T14:57:43,cgyszsdjkogchksqvk@ckptr.com,0,0.00,0.00,,,,
"Aaron Test",te@rest.co,2023-07-17T00:00:00,2023-07-17T16:12:01,te@rest.co,0,0.00,0.00,,,,
"Aaron Test",test3@test.com,2023-06-12T00:00:00,2023-06-12T14:32:17,test3@test.com,0,0.00,0.00,,,,
"Jane Citizen",megatest@outlook.com.au,2023-09-21T00:00:00,2023-09-21T11:49:59,megatest@outlook.com.au,0,0.00,0.00,,,,
"test test",test_samsung@harvest.au,2023-05-30T00:00:00,2023-05-30T16:58:03,test_samsung@harvest.au,0,0.00,0.00,,,,
"Aaron Campbell",harvest_test653425@harvest.au,2023-08-30T00:00:00,2023-08-30T21:45:11,harvest_test653425@harvest.au,0,0.00,0.00,,,,
"Jane Citizen",nxl27782@zslsz.com,2023-10-05T00:00:00,2023-10-05T15:24:38,nxl27782@zslsz.com,0,0.00,0.00,,,,
"Jane Citizen",janeci@janea.com,2023-09-28T00:00:00,2023-09-28T20:51:23,janeci@janea.com,0,0.00,0.00,,,,
"Jane Citizen",ntsakisisimucary@gmail.com,2023-09-22T00:00:00,2023-09-22T17:16:51,ntsakisisimucary@gmail.com,0,0.00,0.00,,,,
"Jane Citizen",jas@jas.com,2023-09-22T00:00:00,2023-09-22T23:03:23,jas@jas.com,0,0.00,0.00,,,,
"Aaron CAMPBELL",harvest_test_781@harvest.au,2023-07-17T00:00:00,2023-07-17T15:30:52,harvest_test_781@harvest.au,0,0.00,0.00,,,,
"aaronb test",test@test.com,2023-06-12T00:00:00,2023-06-12T13:08:49,test@test.com,0,0.00,0.00,,,,
"Jane Citizen",rntsakisi@gmail.com,2023-09-22T00:00:00,2023-09-20T16:53:47,rntsakisi@gmail.com,0,0.00,0.00,,,,
"test test",harvest_test25@harvest.au,2023-05-26T00:00:00,2023-05-27T06:06:07,harvest_test25@harvest.au,0,0.00,0.00,,,,
"Jane Citizen",sqi40056@zbock.com,2023-10-04T00:00:00,2023-10-04T14:52:46,sqi40056@zbock.com,0,0.00,0.00,,,,
"Aaron Campbell",harvesttest123@harvest.au,2023-07-04T00:00:00,2023-07-05T02:04:58,harvesttest123@harvest.au,0,0.00,0.00,,,,
"Jane Smith",jane.smith@gmail.com,2023-09-27T00:00:00,2023-09-28T00:02:46,jane.smith@gmail.com,0,0.00,0.00,,,,
"Aaron C",harvetstjdjs@ggg.nek,2023-07-20T00:00:00,2023-07-20T16:10:40,harvetstjdjs@ggg.nek,0,0.00,0.00,,,,
"Daniel Cherbanich",dan7@cherb.co.uk,2023-06-27T00:00:00,2023-06-27T10:50:15,dan7@cherb.co.uk,0,0.00,0.00,,,,
"Test Test",harvest_test22@harvest.au,,2023-05-27T00:53:37,harvest_test22@harvest.au,0,0.00,0.00,,,,
"Jane Citizen",mmy26381@nezid.com,2023-10-03T00:00:00,2023-10-03T16:05:17,mmy26381@nezid.com,0,0.00,0.00,,,,
"Citizen Jane",janejjj@test.com,2023-07-10T00:00:00,2023-07-11T09:04:04,janejjj@test.com,0,0.00,0.00,,,,
"Jane Citizen",jane@citizen.com,2023-09-28T00:00:00,2023-09-28T15:50:56,jane@citizen.com,0,0.00,0.00,,,,
"Aaron Campbell",harvest_test@ggg.nn,2023-07-04T00:00:00,2023-07-04T18:25:44,harvest_test@ggg.nn,0,0.00,0.00,,,,
"Jane Citizen",jane@janes.com,2023-09-27T00:00:00,2023-09-27T20:34:35,jane@janes.com,0,0.00,0.00,,,,
"Citizen Jane",fff@aaa.com,2023-07-20T00:00:00,2023-07-20T14:31:02,fff@aaa.com,0,0.00,0.00,,,,
"Daniel Cherbanich",dan5@cherb.co.uk,2023-06-27T00:00:00,2023-06-27T10:09:12,dan5@cherb.co.uk,0,0.00,0.00,,,,
"Daniel Cherbanich",dan3@cherb.co.uk,2023-06-27T00:00:00,2023-06-27T09:52:57,dan3@cherb.co.uk,0,0.00,0.00,,,,
"Jane Citizen",maryjanewatson@outlook.com.au,2023-09-22T00:00:00,2023-09-22T16:03:17,maryjanewatson@outlook.com.au,0,0.00,0.00,,,,
"Jane Citizen",jane121@janeciti.com,2023-09-22T00:00:00,2023-09-22T22:34:07,jane121@janeciti.com,0,0.00,0.00,,,,
"Aaron Campbell",harvest_test@harvest.au,2023-07-13T00:00:00,2023-07-13T16:56:12,harvest_test@harvest.au,0,0.00,0.00,,,,
"test test",harvest_test123@harvest.au,2023-06-07T00:00:00,2023-06-05T16:26:53,harvest_test123@harvest.au,0,0.00,0.00,,,,
"Jane Citizen",janecitize@jct.com,2023-09-20T00:00:00,2023-09-20T16:03:35,janecitize@jct.com,0,0.00,0.00,,,,
"Jane CITIZEN",janez@citi.com,2023-10-02T00:00:00,2023-10-02T17:12:38,janez@citi.com,0,0.00,0.00,,,,
"Aaron Campbell",hfsrh@hgdr.net,2023-07-06T00:00:00,2023-07-06T15:27:57,hfsrh@hgdr.net,0,0.00,0.00,,,,
"Jane Citizen",jgt94730@zslsz.com,2023-09-28T00:00:00,2023-09-28T15:05:53,jgt94730@zslsz.com,0,0.00,0.00,,,,
"Matt Law",mattlaw41@hotmail.com,,2023-07-26T09:05:59,mattlaw41@hotmail.com,0,0.00,0.00,,,,
"AARON CAMPBELL",harvest_test135@harvest.au,2023-07-03T00:00:00,2023-07-03T16:05:25,harvest_test135@harvest.au,0,0.00,0.00,,,,
"Jane Citizen",dubgxedjowmmuhzije@ckptr.com,2023-09-27T00:00:00,2023-09-27T16:43:38,dubgxedjowmmuhzije@ckptr.com,0,0.00,0.00,,,,
"Citizen Jane",gsgs@rrr.com,2023-07-20T00:00:00,2023-07-20T14:04:44,gsgs@rrr.com,0,0.00,0.00,,,,
"Daniel Cherbanich",dan@cherb.co.uk,2023-06-20T00:00:00,2023-06-20T23:31:04,dan@cherb.co.uk,0,0.00,0.00,,,,
"123 234",jd@qwe.co,2023-09-21T00:00:00,2023-09-22T09:46:19,jd@qwe.co,0,0.00,0.00,,,,
"Citizen Jane",gggaggagg@test.com,2023-07-10T00:00:00,2023-07-11T09:14:40,gggaggagg@test.com,0,0.00,0.00,,,,
"test test",harvest_test31@harvest.au,2023-06-02T00:00:00,2023-06-02T15:40:33,harvest_test31@harvest.au,0,0.00,0.00,,,,
"Aaron Test",alklklk@test.com,2023-09-11T00:00:00,2023-09-11T11:38:00,alklklk@test.com,0,0.00,0.00,,,,
"Jane Citizen",srm20619@omeie.com,2023-09-29T00:00:00,2023-09-29T16:13:05,srm20619@omeie.com,0,0.00,0.00,,,,
"Aaron Campbell",aaron.campbell@harvest.au,,2023-07-05T16:15:30,aaron.campbell@harvest.au,0,0.00,0.00,,,,
"Jane Citizen",prltpqmhhsazgurayq@cwmxc.com,2023-09-28T00:00:00,2023-09-28T13:39:45,prltpqmhhsazgurayq@cwmxc.com,0,0.00,0.00,,,,
"Aaron Campbell",harvetstjdj5555s@ggg.nek,2023-07-25T00:00:00,2023-07-25T21:51:41,harvetstjdj5555s@ggg.nek,0,0.00,0.00,,,,
"Aatest Test",aatest@test.co.uk,2023-07-03T00:00:00,2023-07-03T11:05:36,aatest@test.co.uk,0,0.00,0.00,,,,
"Citizen Jane",citjane@gmail.con,2023-09-27T00:00:00,2023-09-27T15:34:24,citjane@gmail.con,0,0.00,0.00,,,,
"Hello Jon",johnhhhhh@htmail.com,,2023-07-20T13:52:24,johnhhhhh@htmail.com,0,0.00,0.00,,,,
"Aaron Campbell",harvest_test_10001@harvest.au,,2023-06-14T17:12:59,harvest_test_10001@harvest.au,0,0.00,0.00,,,,
"Aaron Test",adsgdfg@test.com,2023-09-21T00:00:00,2023-09-22T09:39:00,adsgdfg@test.com,0,0.00,0.00,,,,
"test test",harvest_test27@harvest.au,,2023-06-02T15:28:10,harvest_test27@harvest.au,0,0.00,0.00,,,,
"citizen jane",a3w3wQ@test.com,2023-09-06T00:00:00,2023-09-06T13:16:31,a3w3wQ@test.com,0,0.00,0.00,,,,
"Aaron Campbell",harvest_test2342342342342@harvest.au,,2023-10-06T20:56:36,harvest_test2342342342342@harvest.au,0,0.00,0.00,,,,
"Citizen Jane",test69@test.co.uk,2023-07-04T00:00:00,2023-07-05T09:52:36,test69@test.co.uk,0,0.00,0.00,,,,
"Jane Jane",janemcjaneson@gmail.com,2023-09-27T00:00:00,2023-09-28T00:24:40,janemcjaneson@gmail.com,0,0.00,0.00,,,,
"citizen jane",sadf@hjkgkhjg.co,,2023-07-21T15:08:31,sadf@hjkgkhjg.co,0,0.00,0.00,,,,
"Citizen Jane",tests@ghds.nm,2023-06-27T00:00:00,2023-06-27T17:41:02,tests@ghds.nm,0,0.00,0.00,,,,
"Jane Citizen",jane12@janeciti.com,2023-09-22T00:00:00,2023-09-22T22:15:56,jane12@janeciti.com,0,0.00,0.00,,,,
"Jane Citizen",zygzqoxprrdxwdmlly@ckptr.com,2023-09-25T00:00:00,2023-09-25T15:38:45,zygzqoxprrdxwdmlly@ckptr.com,0,0.00,0.00,,,,
"Daniel Cherbanich",dan200723@cherb.co.uk,2023-07-20T00:00:00,2023-07-20T12:12:07,dan200723@cherb.co.uk,0,0.00,0.00,,,,
"Aaron Campbell",rtsefhg@harvest.au,2023-06-12T00:00:00,2023-06-12T18:05:51,rtsefhg@harvest.au,0,0.00,0.00,,,,
"Aaron Campbell",harvest_test34523423@harvest.au,2023-09-21T00:00:00,2023-09-21T23:12:25,harvest_test34523423@harvest.au,0,0.00,0.00,,,,
"test test",selfie_test@harvest.au,,2023-05-30T22:44:09,selfie_test@harvest.au,0,0.00,0.00,,,,
"Aaron Campbell",harvest_test4556345@harvest.au,2023-08-30T00:00:00,2023-08-30T21:47:44,harvest_test4556345@harvest.au,0,0.00,0.00,,,,
"Aaron Campbell",harvest_test94903@harvest.au,2023-10-05T00:00:00,2023-10-05T23:00:39,harvest_test94903@harvest.au,0,0.00,0.00,,,,
"citizen jane",jane@citizen69.com,2023-09-28T00:00:00,2023-09-29T09:06:25,jane@citizen69.com,0,0.00,0.00,,,,
"Jane Jane",jane.jane@gmail.com,2023-09-27T00:00:00,2023-09-28T00:07:55,jane.jane@gmail.com,0,0.00,0.00,,,,
"Citizen Jane",ctjane@ddd.con,2023-07-21T00:00:00,2023-07-21T13:36:45,ctjane@ddd.con,0,0.00,0.00,,,,
"Daniel Cherbanich",dan8@cherb.co.uk,2023-06-27T00:00:00,2023-06-27T10:52:22,dan8@cherb.co.uk,0,0.00,0.00,,,,
"Aaron Campbell",harvest_test_43523452345@harvest.au,2023-09-22T00:00:00,2023-09-22T18:46:32,harvest_test_43523452345@harvest.au,0,0.00,0.00,,,,
"Jane Citizen",janes@jqs.com,2023-09-22T00:00:00,2023-09-22T23:04:12,janes@jqs.com,0,0.00,0.00,,,,
"Aaron CAMPBELL",harvest_test_782@harvest.au,2023-07-17T00:00:00,2023-07-17T15:40:51,harvest_test_782@harvest.au,0,0.00,0.00,,,,
"Aaron Campbell",a.campbell@ymail.com,,2023-06-12T14:18:51,a.campbell@ymail.com,0,0.00,0.00,,,,
"Jane Citizen",wetest@gmail.com,2023-09-20T00:00:00,2023-09-20T17:48:27,wetest@gmail.com,0,0.00,0.00,,,,
"test test",dafh@ggg.net,2023-05-30T00:00:00,2023-05-30T16:53:12,dafh@ggg.net,0,0.00,0.00,,,,
"Jane Citizen",pix54265@zbock.com,2023-10-04T00:00:00,2023-10-04T15:48:19,pix54265@zbock.com,0,0.00,0.00,,,,
"Aaron Campbell",harvestest@hhh.nn,2023-07-04T00:00:00,2023-07-05T03:39:38,harvestest@hhh.nn,0,0.00,0.00,,,,
"Aaron Campbell",harvest_test125@harvest.au,2023-06-08T11:24:35,2023-06-08T21:21:26,harvest_test125@harvest.au,0,0.00,0.00,,,,
"Jane Citizen",janec097@outlook.com,2023-09-20T00:00:00,2023-09-20T16:08:44,janec097@outlook.com,0,0.00,0.00,,,,
"test test",harvest_test23@harvest.au,2023-05-26T00:00:00,2023-05-27T00:56:45,harvest_test23@harvest.au,0,0.00,0.00,,,,
"Jane Citizen",dal04827@zbock.com,2023-10-03T00:00:00,2023-10-03T16:23:16,dal04827@zbock.com,0,0.00,0.00,,,,
"Jane Citizen",ims72522@omeie.com,2023-09-28T00:00:00,2023-09-28T16:09:43,ims72522@omeie.com,0,0.00,0.00,,,,
"Aaron Campbell",harvesttest@nnn.mrr,2023-07-04T00:00:00,2023-07-04T18:31:52,harvesttest@nnn.mrr,0,0.00,0.00,,,,
"Jane Citizen",jane@cit.com,2023-09-27T00:00:00,2023-09-27T21:14:15,jane@cit.com,0,0.00,0.00,,,,
"Aaron Campbell",harvest_test_4423@harvest.au,2023-07-21T00:00:00,2023-07-20T15:55:08,harvest_test_4423@harvest.au,0,0.00,0.00,,,,
"Citizen Jane",janetest@test.com,2023-06-27T00:00:00,2023-06-27T10:21:25,janetest@test.com,0,0.00,0.00,,,,
"Daniel Cherbanich",dan4@cherb.co.uk,2023-06-26T00:00:00,2023-06-27T09:55:10,dan4@cherb.co.uk,0,0.00,0.00,,,,
"Jane Citizen",janejane70@outlook.com.au,2023-09-22T00:00:00,2023-09-22T16:12:33,janejane70@outlook.com.au,0,0.00,0.00,,,,
"Jane Citizen",janes@janes.com,2023-09-22T00:00:00,2023-09-22T22:40:22,janes@janes.com,0,0.00,0.00,,,,
"Trst Test",a.campbelltest@ymail.com,2023-07-17T00:00:00,2023-07-17T15:08:09,a.campbelltest@ymail.com,0,0.00,0.00,,,,
"Aaron Campbell",harvest_test5462394034@harvest.au,2023-10-02T00:00:00,2023-10-02T19:22:22,harvest_test5462394034@harvest.au,0,0.00,0.00,,,,
"Aaron Campbell",harvrest@sdfsdf.com,2023-07-06T00:00:00,2023-07-06T23:03:17,harvrest@sdfsdf.com,0,0.00,0.00,,,,
"Jane Citizen",ytarbagdi@cazlp.com,2023-09-28T00:00:00,2023-09-28T15:07:24,ytarbagdi@cazlp.com,0,0.00,0.00,,,,
"Matt Law",mattlaw@hotmail.com,,2023-07-26T09:07:10,mattlaw@hotmail.com,0,0.00,0.00,,,,
"Aaron Campbell",harvesttest@gggg.nm,2023-07-04T00:00:00,2023-07-03T20:32:11,harvesttest@gggg.nm,0,0.00,0.00,,,,
"Jane Citizens",rtsakisi@gmail.com,2023-09-27T00:00:00,2023-09-27T18:50:05,rtsakisi@gmail.com,0,0.00,0.00,,,,
"Big Dog",theorigalbighitter@bigdog.com,2023-07-20T00:00:00,2023-07-20T14:04:48,theorigalbighitter@bigdog.com,0,0.00,0.00,,,,
"Aaron Bradford",bradford.aaronw69@gmail.com,2023-06-27T00:00:00,2023-06-27T10:01:21,bradford.aaronw69@gmail.com,0,0.00,0.00,,,,
"Daniel Cherbanich",dan2@cherb.co.uk,2023-06-20T00:00:00,2023-06-20T23:52:21,dan2@cherb.co.uk,0,0.00,0.00,,,,
"jon doe",jd@qwer.com,2023-09-21T00:00:00,2023-09-22T09:49:07,jd@qwer.com,0,0.00,0.00,,,,
"Citizen Jane",gagattt@test.com,2023-07-10T00:00:00,2023-07-11T09:21:01,gagattt@test.com,0,0.00,0.00,,,,
"test test",harvest_test32@harvest.au,2023-06-02T00:00:00,2023-06-02T15:44:16,harvest_test32@harvest.au,0,0.00,0.00,,,,
"citizen jane",sdfaacc@w.com,2023-09-11T00:00:00,2023-09-12T09:35:13,sdfaacc@w.com,0,0.00,0.00,,,,
"Jane Citizen",theadornweb@gmail.com,2023-09-29T00:00:00,2023-09-29T16:17:02,theadornweb@gmail.com,0,0.00,0.00,,,,
"Aaron Campbell",harvest_test@harvest.com11,2023-07-06T00:00:00,2023-07-05T16:16:23,harvest_test@harvest.com11,0,0.00,0.00,,,,
"Jane Citizen",pqosbdwanzzqsikfjc@cazlv.com,2023-09-28T00:00:00,2023-09-28T14:32:54,pqosbdwanzzqsikfjc@cazlv.com,0,0.00,0.00,,,,
"Aaron Campbell",harvest_test64345@harvest.au,2023-07-25T00:00:00,2023-07-25T21:55:50,harvest_test64345@harvest.au,0,0.00,0.00,,,,
"Citizen Jane",testcz@test.com,2023-07-03T00:00:00,2023-07-03T11:07:09,testcz@test.com,0,0.00,0.00,,,,
"Jane Citizen",jciti@jane.com,2023-09-27T00:00:00,2023-09-27T15:47:30,jciti@jane.com,0,0.00,0.00,,,,
"Joh Smith",hjhjhjajaja@hoa.com,,2023-07-20T13:55:43,hjhjhjajaja@hoa.com,0,0.00,0.00,,,,
"Aaron Campbell",harvest_test3211@harvest.au,2023-06-20T00:00:00,2023-06-20T18:35:19,harvest_test3211@harvest.au,0,0.00,0.00,,,,
"jon ball",jonball@test.com,,2023-09-22T09:44:18,jonball@test.com,0,0.00,0.00,,,,
"test test",harvest_test28@harvest.au,2023-06-02T00:00:00,2023-06-02T15:33:33,harvest_test28@harvest.au,0,0.00,0.00,,,,
"citizen jane",b@q.com,2023-09-08T00:00:00,2023-09-08T09:55:36,b@q.com,0,0.00,0.00,,,,
"Aaron Campbell",harvest_test23423452345@harvest.au,,2023-10-06T20:56:37,harvest_test23423452345@harvest.au,0,0.00,0.00,,,,
"Aaron Campbell",harv@ggg.bb,2023-07-05T00:00:00,2023-07-05T14:40:07,harv@ggg.bb,0,0.00,0.00,,,,
"Jane Jane",janejane@gmail.com,2023-09-27T00:00:00,2023-09-28T00:38:08,janejane@gmail.com,0,0.00,0.00,,,,
"Aaron campbell",harvest_test33344@harvest.au,2023-07-25T00:00:00,2023-07-25T21:46:29,harvest_test33344@harvest.au,0,0.00,0.00,,,,
"aaron fjkjtr",harvest_test134@harvest.au,2023-06-27T00:00:00,2023-06-27T17:58:26,harvest_test134@harvest.au,0,0.00,0.00,,,,
"Jane Citizen",marymaryjwatson@outlook.com,2023-09-27T00:00:00,2023-09-27T14:36:15,marymaryjwatson@outlook.com,0,0.00,0.00,,,,
"James Aaaaas",aaaaaaaaa.huhu@hmatil.com,,2023-07-20T13:49:06,aaaaaaaaa.huhu@hmatil.com,0,0.00,0.00,,,,
"Aaron Campbell",harvest_testqqq@harvest.au,2023-06-12T00:00:00,2023-06-12T19:48:32,harvest_testqqq@harvest.au,0,0.00,0.00,,,,
"04084 Citizen",rntsakisiy@gmail.com,2023-09-21T00:00:00,2023-09-22T03:02:06,rntsakisiy@gmail.com,0,0.00,0.00,,,,
"Test test",selfie_test2@harvest.au,2023-05-30T00:00:00,2023-05-30T22:46:05,selfie_test2@harvest.au,0,0.00,0.00,,,,
"aaron campbell",hatrasd@harvest.au,2023-08-30T00:00:00,2023-08-30T21:53:50,hatrasd@harvest.au,0,0.00,0.00,,,,
"Jane Citizen",janes@jciti.com,2023-10-06T00:00:00,2023-10-06T16:06:14,janes@jciti.com,0,0.00,0.00,,,,
"Jane Citizen",qta85888@zslsz.com,2023-09-29T00:00:00,2023-09-29T13:40:20,qta85888@zslsz.com,0,0.00,0.00,,,,
"Jane Jane",jane.itsjaningtime@gmail.com,2023-09-27T00:00:00,2023-09-28T00:10:59,jane.itsjaningtime@gmail.com,0,0.00,0.00,,,,
"Citizen Jane",fff@cvcvx.co,2023-07-21T00:00:00,2023-07-21T14:48:33,fff@cvcvx.co,0,0.00,0.00,,,,
"Aaron Campbell",harvest_test1134@harvest.au,2023-06-27T00:00:00,2023-06-27T13:18:15,harvest_test1134@harvest.au,0,0.00,0.00,,,,
"Jane Citizen",janeciti@jane.co.au,2023-09-22T00:00:00,2023-09-22T21:59:55,janeciti@jane.co.au,0,0.00,0.00,,,,
"Jane Citizen",marymaryjane@outlook.com.au,2023-09-28T00:00:00,2023-09-25T14:28:33,marymaryjane@outlook.com.au,0,0.00,0.00,,,,
"Aaron Test",test@cin.co,2023-07-17T00:00:00,2023-07-17T16:04:33,test@cin.co,0,0.00,0.00,,,,
"aaron test",test@test1.com,2023-06-12T00:00:00,2023-06-12T14:20:17,test@test1.com,0,0.00,0.00,,,,
"Jane Citizen",plainjane420@outlook.com.au,2023-09-21T00:00:00,2023-09-21T10:51:57,plainjane420@outlook.com.au,0,0.00,0.00,,,,
"test test test",test@harvest.au,,2023-05-30T16:56:44,test@harvest.au,0,0.00,0.00,,,,
"Aaron Campbell",harvest_test75334@harvest.au,2023-08-29T00:00:00,2023-08-29T19:10:43,harvest_test75334@harvest.au,0,0.00,0.00,,,,
"Jane Citizen",qcg96692@zslsz.com,2023-10-05T00:00:00,2023-10-05T15:17:57,qcg96692@zslsz.com,0,0.00,0.00,,,,
"Aaron Campbell",harv@ggg.nn,2023-07-04T00:00:00,2023-07-05T03:44:06,harv@ggg.nn,0,0.00,0.00,,,,
"Aaron Bradford",bradford.aaronw@gmail.com,2023-06-09T00:00:00,2023-06-09T11:55:22,bradford.aaronw@gmail.com,0,0.00,0.00,,,,
"Jane Citizen",janielanie1@outlook.com,2023-09-20T00:00:00,2023-09-20T16:35:53,janielanie1@outlook.com,0,0.00,0.00,,,,
"test surname",harvest_test24@harvest.au,2023-05-26T00:00:00,2023-05-27T06:02:22,harvest_test24@harvest.au,0,0.00,0.00,,,,
"Jane Citizen",jkm22414@nezid.com,2023-10-04T00:00:00,2023-10-04T14:24:20,jkm22414@nezid.com,0,0.00,0.00,,,,
"Jane Citizen",yratexxnj@cazpl.com,2023-09-28T00:00:00,2023-09-28T16:11:20,yratexxnj@cazpl.com,0,0.00,0.00,,,,
"Aaron Campbell",harvesttedt@hhh.nn,2023-07-04T00:00:00,2023-07-04T18:54:30,harvesttedt@hhh.nn,0,0.00,0.00,,,,
"Alec Brynard",alec.brynard@gmail.com,2023-09-27T00:00:00,2023-09-27T23:58:20,alec.brynard@gmail.com,0,0.00,0.00,,,,
"Aaron u",harvetstjdjs@ggg.ne,2023-07-20T00:00:00,2023-07-20T16:08:40,harvetstjdjs@ggg.ne,0,0.00,0.00,,,,
"Daniel Cherbanich",dan6@cherb.co.uk,2023-06-27T00:00:00,2023-06-27T10:40:54,dan6@cherb.co.uk,0,0.00,0.00,,,,
"Jane Citizens",janec@gmail.com,2023-09-22T00:00:00,2023-09-22T16:31:04,janec@gmail.com,0,0.00,0.00,,,,
"Jane Citizen",janes@jans.com,2023-09-22T00:00:00,2023-09-22T22:43:04,janes@jans.com,0,0.00,0.00,,,,
"Aaron Campbell",harvest_test_780@harvest.au,2023-07-17T00:00:00,2023-07-17T15:29:19,harvest_test_780@harvest.au,0,0.00,0.00,,,,
